"$Gender missing" , 6177535
"female" , 245492
"Females" , 145049
"Women" , 5933
"male" , 495051
"Males" , 286265
"(lcdgt) males" , 3388
"(iso5218) male" , 1250
"not known" , 3295
"Male" , 1662
"Men" , 8388
"(lcdgt) male" , 429
"(lcsh) male" , 52
"Males+Men" , 21
"(lcsh) males" , 95
"Female" , 857
"eng+Men" , 3
"(iso5218) female" , 900
"(lcgft) Females" , 57
"(lcdgt) female" , 210
"male+Males+Men" , 165
"(lcdgt) females" , 1975
"ita" , 6
"eng" , 141
"(iso5218) Female" , 157
"(lcdgt) men" , 496
"males" , 195
"women" , 1
"(iso5218) Male" , 325
"Not known" , 82
"(iso5218) not known" , 70
"female+College teachers" , 3
"(lcdgt) M ales" , 1
"male+Males" , 249
"female+male" , 24
"spa+Males" , 6
"(lcsh) females" , 67
"mal" , 14
"Females+Historians" , 1
"(lcdgt) Females/Males+Males" , 1
"(lcdgt) Male" , 286
"(lcdgt) Female" , 302
"females" , 112
"Males+University and college faculty members" , 9
"female+Females+Women" , 77
"spa" , 106
"Transgender man+Males+Transgender people" , 2
"female+Females" , 112
"(edtf) Females" , 2
"famale" , 7
"fre" , 24
"(lcdgtmale) Males" , 1
"Males+African American physicians+African American civil rights workers" , 1
"(lcsgt) Males" , 1
"Females+Transgender people" , 21
"(lcgft) Males" , 91
"University and college faculty members" , 11
"(lcdt) Males" , 4
"Composers" , 4
"(lcsh) female" , 30
"chi" , 5
"(lcsh) Female" , 65
"male+female" , 21
"Scholars" , 2
"Females+Actors" , 3
"(lcgbt) Males" , 12
"Males+Librettists" , 1
"Speculative fiction+Gender-nonconforming people+Editing" , 1
"men" , 12
"Males+Females" , 26
"(lcsh) Male" , 56
"mael" , 1
"(lcsh) Woman" , 1
"ind+male" , 6
"pol+eng" , 3
"(edtf) Males" , 9
"College teachers" , 13
"Lawyers" , 4
"males $2 lcdgt" , 29
"masculino" , 2
"(lcdgt) women" , 175
"Females+Intersex people" , 1
"ben" , 4
"Males $$2 lcdgt" , 2
"ger+eng+Females" , 2
"fem" , 13
"femela" , 1
"unknown" , 65
"(homoit) Gender fluid" , 2
"ind+eng" , 1
"eng+Males" , 28
"Lawyers+Broadcasters+Political scientists+Translators" , 1
"not known+Males" , 4
"eng+female" , 2
"Females lcsh" , 1
"Females+lcdgt" , 4
"Madrid" , 1
"gre" , 2
"eng+fre" , 4
"Males+Armenians" , 4
"(lcdgt) Femles" , 8
"male+Author+Editor" , 1
"Transgender people" , 51
"Females+African Americans" , 2
"Men+Authors" , 1
"Males d2 lcdgt" , 17
"Mathematicians" , 2
"(lcdgt) Transexuals" , 1
"(lcsh) Males s" , 1
"Females+Authors" , 13
"Females+Public prosecutors" , 1
"Males+Kalinga Institute of Industrial Technology, Bhubaneswar" , 1
"Males+Illustrators" , 2
"(lcgdt) Males" , 2
"female+pol" , 1
"eng+Females" , 14
"male+spa" , 9
"Males+Composers+Gospel musicians+Singers" , 1
"(homoit) Genderqueer people" , 3
"Females+Women" , 6
"Males+Transgender people" , 13
"(lcdgt) Femlaes" , 9
"Males+Authors" , 4
"(dgtf) Females" , 2
"femalea" , 1
"Gender minorities" , 14
"Males+Females+Transsexuals" , 2
"Females 2 lcdgt" , 5
"female+Author" , 1
"Transgender woman+Trans woman+Transgender people+Females" , 1
"femele" , 1
"Illustrators" , 12
"Law teachers" , 3
"Transgender people+Women" , 3
"Carpenters" , 1
"Females+Mothers" , 1
"Females+Lesbians" , 3
"male." , 8
"Females $2 lcdgt" , 13
"Women+Men" , 1
"lcdgt+Males" , 10
"male+eng" , 6
"(lcdgt) femals" , 2
"male $2 lcdgt" , 13
"Gender-nonconforming people" , 11
"masculin" , 2
"pol" , 9
"intersex+female" , 1
"por" , 7
"dut+Males" , 2
"Females+University and college faculty members" , 6
"Females+Ex-farmers" , 1
"Males+Females+Transgender people" , 16
"[gender]" , 3
"Physicians" , 5
"jpn+Females" , 1
"(iso5218) male+Males" , 8
"(lcdgt) Felmales" , 1
"Women+Authors" , 2
"rus" , 17
"Females+Authors+Educators" , 1
"(lcsdgt) Females" , 1
"Females+Males" , 10
"cze" , 3
"Authors+College teachers" , 1
"(lcsh) Wpmen" , 1
"(lcdgt) males (plural)" , 2
"(lcdgt) Fwmales" , 2
"(lcsh) men" , 8
"author" , 2
"ger" , 8
"(iso5218) females" , 4
"(lcsgt) Females" , 3
"(lcdgt) Feales" , 7
"Authors" , 16
"Women+Graphic artists" , 1
"Painters" , 1
"Assistant clinical professor+male" , 1
"bul" , 2
"females $2 lcdgt" , 18
"male+Men" , 1
"Females+Genealogists" , 2
"Females+female" , 1
"male+rum" , 1
"ara" , 9
"Males $2 lcdgt" , 22
"Males+Journalists+Novelists" , 1
"Males+lcsh" , 2
"(lcdgt) Мales" , 2
"ukr" , 2
"Females+Authors+College teachers" , 1
"per+male" , 1
"Poets;+Educators" , 1
"Women+Authors+Illustrators" , 1
"Males+Countertenors" , 1
"fre+female" , 2
"(lcdgr) Females" , 1
"(lcgt) females" , 1
"spa+male" , 12
"fmale" , 2
"(lcdgt) men+male+(lcdgt) males" , 1
"rus+aze" , 1
"Males+College teachers+High school principals+Teachers" , 1
"(naf) Males" , 12
"(lcgfg) Males" , 1
"(lcdgt) Authors" , 4
"(lcdgt) Malesd" , 3
"Geologists" , 1
"(lcsh) Fem" , 1
"Computer programmers" , 1
"(lcdg) Males" , 4
"Judges" , 4
"(lcdgt) Males b" , 1
"female+Male-to-female transsexuals+Transgender people" , 1
"lat+spa" , 1
"(lcdft) Fmales" , 1
"(l csh) Males" , 6
"(lcdgt) Fales" , 2
"Males+Genealogists" , 1
"Italians" , 1
"female+ita" , 1
"(lcsh) Wome" , 2
"ind" , 8
"(iso5218) female+Females" , 4
"(lcdgt) Music" , 3
"eng+ger" , 1
"male+Artists" , 3
"Males+lcdgt" , 7
"#+Males" , 3
"Flugelhorn player" , 1
"Females 2lcdgt" , 1
"Motion picture editors" , 2
"Females $2 lcdgt+Males $2 lcdgt" , 1
"(lcdgt) Mlaes" , 3
"male female" , 3
"srp" , 3
"Screenwriters+Television producers and directors" , 2
"(;cdgt) Females" , 1
"femenino+female" , 1
"(homoit) Intersex people" , 1
"Males+Physicians" , 2
"Females+Law" , 1
"Composers+Music teachers+Carillonneurs" , 1
"(lcdgt) Fmales" , 4
"asm+Males" , 2
"Males+African Americans" , 2
"male+fre" , 1
"(homoit) Queer people" , 1
"heb" , 2
"chi+Females" , 2
"mele" , 2
"chi+eng" , 1
"7" , 1
"féminin" , 2
"spa+eng+Females" , 1
"femle" , 3
"Males+Human rights workers" , 1
"Males+High school teachers" , 1
"kha+Males" , 1
"transsexual woman" , 2
"female $2 lcdgt" , 6
"(lcdgt) Femalses" , 1
"(lcsh) women" , 1
"(lcsh) Feales" , 5
"(lcsh) Msales" , 1
"Civil engineering" , 1
"(lcdgt) Ma;es" , 1
"(lcgt) Males" , 1
"male+Historiography" , 1
"(lcsh) Femalesx" , 1
"rus+Males" , 4
"Females d2 lcdgt" , 6
"(csh) Males" , 1
"Traffic engineers" , 1
"male+tam" , 1
"Males 2 lcsh" , 2
"ger+spa" , 1
"(lcdgt) Females other" , 3
"Females+II Università degli studi di Roma" , 1
"eng+swe" , 1
"(lc sh) Males" , 4
"Men+Composers+Musicians" , 1
"Males $2 lcdgt+Females" , 1
"Flute player+Recorder player" , 1
"Males+Females+Transgender people+Transgender men" , 1
"Bible -- Study and teaching+male" , 1
"Males+Dissenters" , 1
"eng+spa" , 3
"Transgender woman+Males" , 1
"Actresses" , 1
"dut" , 2
"eng+pol" , 1
"Males+Female-to-male transsexuals" , 1
"Males+Actors" , 2
"Femenino" , 1
"(lcdgt) Maled" , 1
"Males+Females+Transgender people+Transgender women" , 2
"Sound designer" , 1
"Males." , 11
"Males $2 lcsh" , 1
"hun" , 1
"Transpinay" , 1
"feamle" , 3
"female+Cinematographers+Motion picture producers and directors+Screenwriters" , 1
"(lcgft) Men" , 5
"Females$2lcdgt" , 1
"Regis University+University of Wyoming+male" , 1
"(lcdgt) men+Males" , 1
"male+hrv" , 2
"Environmental scientist" , 1
"baq+spa" , 1
"(lcdgt) Fenales" , 4
"Historians" , 3
"Males+Lawyers+Scholars" , 1
"Control room alarm systems+Males" , 1
"(lcshj) Males" , 2
"ben+Males" , 5
"fre+Females" , 3
"(lcdgt) Mles" , 2
"Women+Pianists" , 1
"male+tha" , 1
"Male+Males" , 2
"female+Artists, Black" , 1
"Transsexuals" , 7
"mae" , 5
"Businessmen" , 1
"Females+Holocaust survivors" , 1
"Males 2lcsh" , 1
"Males+Authors+Screenwriters" , 1
"(naf) females" , 1
"(lcsh) Malers" , 1
"male+College teachers+Deans (Education)" , 1
"not kown" , 1
"gender nonconforming" , 2
"(lcdgt) Femeles" , 1
"mar" , 1
"(aat) Researchers" , 1
"male+Architects+College teachers" , 1
"(ldgt) Males" , 6
"Cinematographers" , 2
"(lcdgt) Maes" , 3
"ara+eng" , 1
"Gay men" , 2
"(ledgt) Males" , 1
"nor+eng" , 1
"(lcsh) Females," , 1
"(lcs) female" , 1
"female  lecturer in childhood studies and sociology at the University of Essex." , 1
"femalẽ" , 1
"malay" , 1
"transgender female" , 1
"mala" , 1
"Females #2 lcsh" , 1
"Females+Composition teachers (Music)" , 1
"(lcdgt) Malew" , 2
"(lcdgt) Women j" , 1
"(lcdft) Females" , 2
"male+dan" , 1
"Boys" , 3
"female+Piano teachers" , 1
"Females+Composers+Lyricists" , 1
"(lcdgt) <ales" , 1
"females  $2 lcdgt" , 1
"male+Buddhist monks" , 1
"Motion picture producers and directors" , 1
"male+Civil engineers+Poets" , 1
"(naf) Females" , 8
"male+College teachers+Printers" , 1
"Transgender people+Transgender men+Males" , 1
"(lcdgt) Femailes" , 1
"Artists" , 1
"(ldcgt) Males" , 2
"male+Physicians" , 2
"males+lcdgt" , 1
"fermale" , 1
"Aude (France : Department)" , 1
"(homoit) Genderqueer people+Transgender people" , 1
"male-to-female transsexuals+female+male" , 1
"Females+Authors+Poets" , 1
"Female-to-male transsexual" , 1
"(lch) Males" , 1
"femal" , 13
"(lcgdt) Females" , 6
"Females 2 lcsh" , 3
"(lcgft) males" , 2
"(lcsh) Matematics+Males+Physics+String models" , 1
"fiction" , 1
"(itoamc) Males" , 1
"Males+Females+Transgender people+Lesbians" , 1
"Males 2 lcdgt" , 9
"Males+Blind" , 1
"(lcdgt) Feamles" , 5
"(lcdgt) Mals" , 3
"(lcsh) authors+Males+College teachers" , 1
"Writer" , 1
"mela" , 1
"(edtfg) Males" , 1
"male+ind" , 2
"female+Popular music" , 1
"Professor" , 4
"Females+Journalists+Authors" , 2
"(lcdgt) Malea" , 1
"Surgeons+Physicians" , 1
"Men+Motion pictures" , 1
"Males+Plantation owners+Slaveholders" , 1
"Transgender man+Males+Females+Transgender people" , 2
"hrv+Males" , 2
"Professor+male" , 1
"Photographer+female" , 1
"(lcdgt) Females/males" , 1
"Males+People with developmental disabilities" , 1
"Archivists+Historians" , 1
"female." , 9
"Journalists+Insurance agents+Musicians+Poets" , 1
"males $2 lcgdt" , 1
"(lcdgt) Fremales" , 1
"spa+Females" , 2
"(lcsh) Famels" , 1
"transgender+female" , 1
"(lcdgt) Males," , 9
"Males+College teachers" , 1
"Males+Rabbis" , 1
"lat+ita+Males" , 1
"(lcdgt) Males/Females" , 6
"arm+male" , 2
"(lcsh) Ma;es" , 1
"Females+Transgender people+Transgender women" , 1
"Transgender woman+Males+Females+Transgender people" , 1
"Motion picture directors" , 2
"Females+Journalists" , 1
"male+Authors" , 1
"male+eng+Males" , 1
"Illustrators+Men" , 1
"College teachers+Environmental engineers" , 1
"(lcdgt) Males;" , 2
"Actors" , 2
"Females+Radio broadcasting+Television broadcasting" , 1
"Television comedy writers" , 1
"Novelists" , 1
"eng+por" , 1
"(aat) Hermaphrodites (people)" , 1
"Females+Comedians" , 1
"University of Turku" , 1
"Females+Authors+Illustrators" , 1
"Internet, Jan. 11, 2016" , 1
"female+Lawyers" , 1
"(lcsh) Maless" , 3
"Photographers+Businesswomen" , 1
"(itoamc) Females" , 2
"Composers+Percussionists" , 1
"Females $2 lcsh" , 1
"(lcdgt) Mlales" , 1
"Males+College administrators+Geologists+Geology teachers" , 1
"(lcdgt) Authors+Males" , 1
"Politician+male" , 1
"male+bul" , 1
"(lcdgt) Maless" , 1
"eng+male+ger" , 1
"Translators" , 2
"fenale" , 2
"eng+tha+male" , 1
"Physicists" , 3
"Film director+male" , 1
"(naf) Sarajevo, Bosnia and Herzegovina" , 1
"Law teachers+Males" , 2
"male+Women" , 1
"lcdgt+males" , 1
"Musicians" , 1
"Females+Authors+Biologists" , 1
"eng+jpa" , 1
"(lcdgt) les" , 1
"vie+eng" , 1
"male+female+Intersex people" , 1
"wel" , 3
"Women+Arrangers (Musicians)" , 1
"Males+Mormon converts+Lutherans+Mormons" , 1
"femalie" , 1
"(lcdgt) Malrs" , 1
"(lcdgt) College teachers+Males" , 3
"(lcdgt) MAles" , 3
"tam" , 2
"College teachers+Psychology teachers" , 1
"Transgender woman+(homoit) Transgender people+Females+Transgender people" , 1
"male+female+Male-to-female transsexuals+Intersex people" , 1
"bur" , 2
"not" , 1
"Males+Composers+University and college faculty members+Choral conductors" , 1
"(lcdgf) Females" , 1
"(lcgbt) Females" , 2
"Malesd2lcdgt" , 2
"male+eng+dut" , 1
"spa+lat" , 1
"(homoit) Genderqueer people+Males+Transgender people+Transgender men" , 1
"ita+Males" , 3
"feme" , 1
"Males+Theologians" , 1
"Males+Scholars" , 1
"Agricultural extension workers" , 1
"Architects" , 3
"(lcdgt) women+Females" , 1
"Males+Executives+Metallurgists+Materials scientists" , 1
"Males+Tulalip Indians" , 1
"Males d2 kcdgt" , 1
"(lcdgt) FemaleS" , 2
"male[gender]" , 1
"Men+Gang members" , 1
"Elementary school teachers+Females" , 1
"male+College teachers" , 6
"(lcdgt) Males p" , 3
"urd" , 1
"Transsexual woman" , 1
"may" , 9
"(lcdgt) Asexual people" , 1
"fre+ger" , 1
"(lcbdgt) Males" , 1
"eng+ger+Males" , 1
"(lcmpt) Males" , 1
"eng+chi" , 2
"(ldcgt) Females" , 1
"(lcdgt) Feamales" , 1
"(l cdgt) Females" , 1
"Males+Mexican Americans" , 1
"(lcdgt) University and college faculty member" , 1
"gre+Males" , 1
"Philologist+Males" , 1
"fame" , 1
"ger+fre+Males" , 2
"female+eng" , 1
"Ita+female" , 1
"Females+Children's literature" , 1
"Females+lcsh" , 1
"Butch lesbian+Lesbians" , 1
"mon" , 1
"Guitarists" , 1
"Linguists+Slavists" , 1
"(lcgft) Women" , 2
"College teachers+Geologists" , 1
"(lcdgt) Femalese" , 1
"amle" , 2
"Females+Dominican Americans" , 1
"(lcdgft) Males" , 1
"Females+Women translators" , 1
"Painter+male" , 1
"Women+Chinese Americans" , 1
"mlae" , 2
"Females+Detectives+Police" , 1
"(lcdgt) Famales" , 4
"male+Geographers" , 1
"rus+Females" , 3
"heb+eng" , 1
"eng+afr+male" , 1
"Engineering geologists" , 1
"(homoit) Transgender people" , 1
"male+Missionaries" , 1
"nale" , 1
"(lcdgt) Screenwriters+Males" , 1
"(lcdtg) Males" , 1
"(lcsg) Females" , 2
"rus+female" , 1
"lcdgt" , 3
"male+ita" , 3
"not known+female" , 1
"mni+Females" , 1
"Transgender people+Transgender men" , 2
"male+Historians" , 1
"tha+Males" , 1
"lcsh+Males" , 2
"female+male+transgender woman" , 1
"Females+Blind" , 1
"(cdgt) Males" , 2
"malr" , 5
"(lcdgt) eng+Males" , 1
"female+male+Males+Transgender people" , 1
"(lchs) Males" , 1
"male+rus+arm" , 1
"(lcsy) Males" , 1
"Philosophers" , 1
"male+pus" , 1
"Females+Hispanic Americans" , 1
"Conductors (Music)" , 1
"Nepal" , 2
"malle" , 1
"male+College teachers+Deans (Education)+Economists" , 1
"srp+Males" , 1
"pol+Males" , 1
"(lcdgt) Meh" , 1
"College teachers+Males" , 3
"Males+Cartographers" , 1
"(lcdgt) Females," , 3
"editors" , 1
"Unknown" , 1
"[gender]+femele" , 1
"(lcdgt) Females  s" , 1
"Sichuan da xue" , 1
"Rabbis" , 1
"(lcdg) Females" , 4
"(lcdgt) Femaes" , 1
"(lcdgt) ‌Males" , 1
"Males+Clergy+Missionaries" , 1
"(lcdgt) rus+(lcdgt) bak+Females" , 1
"ita+Females" , 1
"teacher+miner+principal" , 1
"(lcdgt) Novelists" , 1
"female+cat+spa" , 1
"Opawa school, 2015" , 1
"felame" , 1
"Females+Nutritionists" , 1
"Males+Publishers and publishing" , 1
"Physicists+Computer scientists" , 1
"lcsh+Women" , 1
"(lcdgt) Femals" , 5
"fele" , 1
"Females+Artists+Flower arrangers" , 1
"female+Teachers" , 1
"(lcdgt) Femaies" , 1
"eng+Women" , 1
"Males+Motion picture producers and directors+Screenwriters" , 1
"Females+South Americans" , 1
"Photographers+Architects" , 1
"(lcdgt) Fema;es" , 1
"hin+eng+mal+Males" , 1
"frmale" , 1
"male+Mathematician" , 1
"femaies" , 1
"tha" , 1
"Researcher+Males" , 1
"cat" , 2
"(iso5218) 375 male" , 1
"por+eng" , 1
"Males+Theology" , 1
"cze+Females" , 1
"Journalist+Writer+male" , 1
"male+Côte d'Ivoire" , 1
"no known" , 1
"female/male" , 1
"ita+lat" , 1
"(lc sh) Females" , 2
"male+Architects" , 1
"spa+female" , 4
"male+Author" , 1
"Males+German Americans" , 1
"alb" , 1
"Males+II Università degli studi di Roma" , 1
"Males 12 lcdgt+spa" , 1
"mal̃e" , 1
"(lcdgt) Fermales" , 2
"(lcsh) Femles" , 2
"Males+Journalists+Authors" , 1
"(lcsdgt) Males" , 3
"male+per" , 1
"male+Motion picture producers and directors+Painters" , 1
"(lvdgt) Males" , 1
"rus+male" , 1
"Females+Psychologists" , 1
"Males 12 lcdgt" , 1
"eng+male" , 4
"Cardinals+Priests" , 1
"ger+male" , 1
"College teachers+History teachers" , 1
"male+Journalists+Critics" , 1
"shn+bur" , 1
"ger+eng+Males" , 1
"male+Sociologist" , 1
"Males+Public relations consultants+Newspaper editors" , 1
"Males  $2 lcdgt" , 1
"melw" , 1
"ger+Females" , 1
"gender" , 2
"pol+eng+Females" , 1
"bos" , 1
"(lcdgt) not known" , 1
"Hernández, Óscar Daniel" , 1
"Males+Translators" , 2
"(lcsh) Gender nonconforming people" , 1
"fre+Men" , 1
"Females+Illustrators" , 1
"(mesh) Male+Males" , 2
"(lcdgt) Male4s" , 1
"lit+eng+female" , 1
"female+Authors+High school teachers" , 1
"Sound engineers" , 1
"male+Transgender people" , 1
"(lcgft) females" , 2
"eng+male+ita" , 1
"Mathematicians+Mathematics teachers" , 1
"(lcsh) M3n" , 1
"(lcsh) Traumpet players" , 1
"Males+Authors+Fantasy fiction" , 1
"Girls" , 2
"Women+Violinists" , 1
"(lcdgt) Feemales" , 1
"(lcdgt) males+male+Men" , 1
"female+Philologists" , 1
"ukr+Males" , 1
"Transgender people $2 lcsh" , 1
"(lcdgt) Femalesd" , 1
"male+Bishops" , 1
"Transgender people+Transgender women" , 1
"Trans" , 1
"Males+Females+Female-to-male transsexuals" , 1
"male+arm" , 2
"Males+Independent insurance agents" , 1
"Males+Lawyers" , 1
"male+eng+afr" , 1
"Transsexual woman+Males+Females+Transsexuals" , 1
"eng+tgl" , 1
"female+Richard Stockton College of New Jersey" , 1
"Transgender women" , 2
"eng+spa+Men" , 1
"male+Researcher" , 1
"(homoit) Genderqueer people+Transgenderqueer" , 1
"(lcdgt) http://apeuumbanda.blogspot.com/2012/07/entrevista-de-sandro-mattos-ao-blog-da.htmlMales" , 1
"(l csh) Females" , 2
"are+rus" , 1
"Artists+Authors+Men+Television producers and directors+Television writers" , 1
"(lcdgt) ales" , 2
"bak+rus" , 1
"(lcsh) Fedmales" , 1
"male+transsexual woman" , 1
"(lcdft) Males" , 1
"males+eng" , 1
"nep" , 1
"fin+eng" , 1
"Females+Voice actors and actresses" , 1
"Males+Jesuits" , 1
"Males+Addicts" , 1
"femaile" , 2
"Females+Photographers" , 1
"(lcdgt) Malests" , 1
"Composers+Violinists" , 1
"ben+Females" , 1
"male+Teacher+Principal" , 1
"(lcdgt) Ffemales" , 1
"bur+female" , 1
"male+Commission merchants" , 1
"guj" , 1
"(lcsh) 375  Females" , 1
"(lcdgt) Females;" , 2
"(lcsg) Males" , 1
"(homoit) Third gender people" , 1
"femlale" , 1
"dut+Females" , 1
"jpn" , 1
"tel" , 2
"rus+eng+male" , 1
"ger+eng" , 2
"eng+male+spa" , 1
"Poets" , 2
"(lcdgt) females+female+Women" , 1
"(lcash) Males" , 1
"Males+Young adult literature" , 1
"ukr+Females" , 1
"rus+ukr+Males" , 1
"mazle" , 1
"Males+Woodwind instrument players" , 1
"Males+Transgender people+Transgender men" , 1
"male+Lawyers" , 1
"Males+Historians" , 1
"intersex+female+Intersex people" , 1
"rus+ger" , 1
"(lcdgt) Male." , 1
"(lcdgt) Mels" , 1
"Males+Artists+Painters" , 1
"(lcdgt) Woman" , 1
"University of the West Indies (Saint Augustine, Trinidad and Tobago). Department of Civil and Environmental Engineering, Faculty of Engineering+(lcdgt) Male" , 1
"wel+eng" , 1
"multi-gendered" , 1
"Tenor horn player+Euphonium player+Baritone player+Males" , 1
"sco+eng" , 1
"Males lcdgt" , 1
"Church historians+Clergy+College teachers+Theologians+Library directors" , 1
"female+Sociologists" , 1
"(lcdgt) Malee" , 2
"female+Consultants+Editors+Policy scientists" , 1
"Males+Composers+Musicians" , 1
"Communications director+female+Sales associate+Fundraiser" , 1
"famele" , 1
"Aerospace engineers+College teachers" , 1
"male+Professor" , 1
"Hangzhou dian zi ke ji da xue ren wen yu fa xue yuan wen hua chuan bo xi)" , 1
"(lcdgt) Malews" , 1
"Males+Composers+Music teachers" , 1
"male+Actors" , 2
"Chung i jen ming tzʻu tien, 1988." , 1
"(lcdgt) Felales" , 1
"srp+eng" , 1
"female+Illustrators" , 1
"(ldgt) Females" , 1
"Male." , 1
"(lcdgt) lcsh+Males" , 1
"urdu" , 1
"hin+eng+san+male" , 1
"femaie" , 1
"Astronomers" , 1
"Artists+Illustrators" , 1
"Screenwriters" , 1
"hrv" , 1
"(lcsh) Screenwriter+Motion picture producers and directors" , 1
"Gays" , 1
"Females+Authors+Fashion designers" , 1
"transgender male" , 1
"bul+rus" , 1
"Males+Music" , 1
"Music" , 1
"Males+Art teachers" , 1
"(lcdgt) Fe/Males" , 1
"Authors+Screenwriters+Television producers and directors" , 1
"xal+rus" , 1
"Males2lcdgt" , 2
"Quito (Ecuador)+Males" , 1
"Females+Linguists+Translators" , 1
"swe+eng+Males" , 1
"fenmale" , 1
"Males+Brickmakers+Merchants" , 1
"(lcdgt ) Females" , 1
"Females+Transgender women" , 1
"mle" , 1
"(lcddt) Males" , 1
"(lcdgt) dut" , 1
"Females lcdgt" , 1
"male+ger" , 1
"male or female" , 1
"male5" , 1
"Males+Journalists" , 1
"Males+Cuban Americans" , 1
"bul+male" , 1
"Females+Transgender people+Gender-nonconforming people" , 1
"(lcdgt) Malels" , 1
"woman" , 1
"(iso5218) Not known" , 1
"Social policy researcher+Benefits and debt administrator+Males" , 1
"(lcdgt) Malles" , 1
"male+(lcdgt) males+Men" , 1
"Females $2lcdgt" , 1
"College teachers+Females" , 1
"Males+Art--History+College teachers" , 1
"Females+Gospel musicians+Singers" , 1
"Narrator of audiobooks+Males" , 1
"cze+ukr" , 1
"(lcsh) Fermales" , 1
"cnr+Females" , 1
"Females+Journalists+Lawyers+Authors" , 1
"Females+Cuban Americans" , 1
"Females+Architects" , 1
"(iso5218) male+College teachers" , 1
"Females+College teachers" , 3
"(lcdgt) University and college faculty member+Males" , 1
"Photographers" , 1
"(lcsh) Frmales" , 1
"(lcdgt) Males n" , 1
"(lcdt) Females" , 2
"eng+Females+spa" , 1
"Law professor" , 1
"epo" , 1
"Females+Benedictine nuns" , 1
"Violinists" , 1
"(lcdgt) 9Males" , 1
"Arrangers (Musicians)" , 1
"Females+College teachers+Slavists" , 1
"Femalesd2lcdgt" , 2
"lcdgt+Females" , 2
"Men+Artists+Illustrators" , 1
"Females+Singers" , 1
"(ldgt) Men" , 1
"Femals" , 1
"ori" , 1
"Fa'afafine+Females+Transgender people" , 1
"Transgender people+Intersex people" , 1
"eng+bul" , 1
"Philologists" , 1
"female]" , 1
"male+not known" , 1
"Males+Fire fighters" , 1
"spa+eng" , 1
"(kcdgt) Females" , 1
"Hemchandra, Ch." , 1
"male+(lcdgt) Male" , 1
"male+ara" , 1
"Females+Lesbians+Two-spirit people" , 1
"make" , 2
"Males. $2 lcdgt" , 1
"female+transsexual" , 1
"spa+(lcdgt) males" , 1
"Bois+Gender non-conformists+Females" , 1
"(lcdgt) Famles" , 1
"(lcdgt) Sex+Males" , 1
"Nonbinary+Non-binary" , 1
"male+Sociologists" , 1
"tam+Males" , 2
"cat+spa" , 1
"Males+Authors+Periodical editors" , 1
"Children's literature" , 1
"Females+Law teachers" , 1
"(lcdgt) mles" , 1
"(lcdgt) Maels" , 2
"Transgender woman" , 1
"tgl+eng" , 1
"Males lcsh" , 1
"Bisexuals" , 1
"Editors+Musicologists" , 1
"Females+Gestalt therapists" , 1
"(lcdgt) Gender non-binary femmes" , 1
"Females+Transsexuals+Male-to-female transsexuals" , 1
"(lcdgt) gender - Males Females other" , 1
"Males+Camera operators+Cinematographers" , 1
"(lcs h) Males" , 1
"remale" , 2
"(lcsh) not known" , 2
"Author" , 1
"Authors+Men" , 1
"male iso5218" , 1
"Females+Editors+Poets" , 1
"Males$2lcdgt" , 1
"(edtf) Men" , 1
"(lcdgt) Mailes" , 1
"arm+(lcdgt) males" , 1
"(lcsh) Translator" , 1
"fre+male" , 1
"fre+Males" , 2
"Males+Composers+Lyricists+Musicians+Sound recording executives and producers" , 1
"(lcdgt) Malas" , 1
"Females+Nuns+Missionaries" , 1
"Males+Ukrainians" , 1
"Males+Females+Transsexuals+Male-to-female transsexuals" , 1
"Males+Authors+Elementary school teachers" , 1
"femenino" , 1
"female+African American artists+African American fashion designers" , 1
"(lcsh) Nonbinary people" , 1
"Teachers" , 1
"Author+female" , 1
"(lcdgt) College teachers+(lcdgt) Authors" , 1
"est" , 1
"Females+Sommeliers+Authors+Restaurateurs" , 1
"lcsh+Females" , 1
"(homoit) Transgender people+Males+Transgender people" , 1
"(lcsdt) Females" , 1
"(lcdgt) females+eng" , 1
"cpe+eng+Females" , 1
"pus+male" , 1
"male+female+Transgender people" , 1
"Males+Journalists+Translators" , 1
"(lcdgt) Computer scientists+Males" , 1
"Transgender woman+Females+Transgender people" , 1
"famel" , 1
"(lcs) Females" , 1
"(lcdgt) Femalea" , 1
"(lcshb) Males" , 1
"Females+Senegalese" , 1
"afr+eng+male" , 1
"Males+Females+Transgender women" , 1
"few" , 1
"por+male" , 1
"Soldiers" , 1
"Classicists+Philologists+Teachers+Translators" , 1
"(lcsh) University and college faculty members" , 1
"(lcgdt) Men" , 1
"Pianists+lcsh+Singers+Men" , 1
"(lcsh) Femals" , 1
"(lcdgt) Malex" , 1
"(lcdgt) FEmales" , 1
"Artists+Authors" , 1
"male+Photographers" , 1
"ara+male" , 1
"Compilers" , 1
"Artist+Graphic designer+male+Author" , 1
"eng+rus+Women" , 1
"Sociology teachers" , 1
"(lcdgt) Fewmales" , 1
"fre+(lcgbt) males" , 1
"male+Graffiti artists+Illustrators+Painters" , 1
"not known+male" , 1
"Females+Composers" , 1
"vie" , 1
"(homoit) Non-binary people" , 1
"Males+Germans" , 1
"Psychiatrists" , 1
"eng+ice+dan" , 1
"Bloggers+Females" , 1
"(iso5218) Females" , 1
"lcsh+males" , 1
"(lcgft) Males+Armenians" , 1
"spa+male+eng" , 1
"female+snd" , 1
"transgender woman" , 1
"(edtf) males" , 1
